file_path,width,height,red_ratio,red_moment_1,red_moment_2,green_ratio,green_moment_1,green_moment_2,blue_ratio,blue_moment_1,blue_moment_2,focus,luminance,luminance_std,all_edges,v_edges,h_edges,d_edges,orientation,simplicity,dif_hues,faces,faces_area,smiles,rule_of_thirds,static_saliency,rank_sum,fps,size,shackiness,motion_mag,fg_area,shadow_area,bg_area,camera_move,focus_diff,gabor_0,gabor_15,gabor_30,gabor_45,gabor_60,gabor_75,gabor_90,gabor_105,gabor_120,gabor_135,gabor_150,gabor_165,EH_0,EH_1,EH_2,EH_3,EH_4,EH_5,EH_6,EH_7,EH_8,EH_9,EH_10,EH_11,EH_12,EH_13,EH_14,EH_15,EH_16
01,269,276,0.33665,0.21972,0.110008,0.32701,0.213428,0.102737,0.336339,0.219517,0.0964306,0.0205406,0.211634,0.102009,0.227177,0.270767,0.183587,0.00181833,0,0.041361,0.0421053,1,0.200474,1,0.12549,0.0457664,0.0883464,0,0.030935,0,0,0,0,0,0,0,0.159162,0.176852,0.212449,0.215715,0.197996,0.236282,0.208028,0.221999,0.245627,0.176046,0.257021,0.168167,2,2,2,4,4,4,1,4,1,2,2,4,1,1,4,1,4
02,159,160,0.333443,0.126492,0.0884843,0.325933,0.123643,0.089561,0.340625,0.129216,0.0851251,0.014989,0.12265,0.0869413,0.23711,0.297759,0.176462,0.0958384,1,0.00350358,0.00350877,0,0,0,0,0.0839919,0.0146663,0,0.0106,0,0,0,0,0,0,0,0.18155,0.192625,0.213518,0.215391,0.205095,0.227559,0.210896,0.219081,0.232782,0.191829,0.239635,0.18739,1,2,1,5,1,1,1,3,1,2,3,3,1,1,1,1,1
03,183,162,0.345045,0.194134,0.104395,0.32569,0.183244,0.100244,0.329265,0.185256,0.0939085,0.0147119,0.183311,0.0985716,0.244051,0.297621,0.190481,0.0696266,0,0.0139536,0.0140351,1,0.285502,0,0.509804,0.0583179,0.111913,0,0.0123525,0,0,0,0,0,0,0,0.166235,0.182433,0.212616,0.215654,0.19998,0.233127,0.209084,0.221181,0.242033,0.181129,0.250883,0.174248,2,2,4,3,3,2,4,3,4,2,3,1,1,3,4,1,3
04,144,265,0.342579,0.259704,0.123843,0.330679,0.250683,0.125748,0.326742,0.247699,0.116758,0.0233386,0.248258,0.121501,0.258724,0.323164,0.194284,0.0554629,0,0.00699754,0.00701754,0,0,0,0,0.0514395,0.00990801,0,0.0159,0,0,0,0,0,0,0,0.149435,0.170473,0.211888,0.215853,0.194921,0.239834,0.206926,0.223248,0.251157,0.16927,0.26405,0.159654,1,4,1,2,1,4,1,1,4,4,3,1,1,1,4,3,1
05,276,375,0.334251,0.284979,0.121715,0.332096,0.283141,0.122093,0.333653,0.284469,0.117234,0.00835843,0.278227,0.11882,0.239213,0.300942,0.177483,0.0443993,1,0.0345767,0.0350877,0,0,0,0,0.0253648,0.0101894,0,0.043125,0,0,0,0,0,0,0,0.14123,0.164911,0.211581,0.21595,0.192586,0.242937,0.205871,0.224225,0.255349,0.163593,0.270184,0.153076,4,1,4,1,1,1,1,3,3,1,2,1,1,2,1,3,1
06,197,270,0.336355,0.243169,0.129346,0.326093,0.23575,0.128916,0.337552,0.244035,0.12529,0.0252713,0.234416,0.126035,0.248251,0.312034,0.184468,0.0491727,1,0.0104806,0.0105263,1,0.117334,0,0,0.0269975,0.0684818,0,0.0221625,0,0,0,0,0,0,0,0.15278,0.172828,0.212074,0.215814,0.196117,0.238498,0.207313,0.222812,0.249002,0.171668,0.261487,0.162565,4,1,4,4,1,4,2,4,1,4,2,1,3,2,3,3,4
07,187,148,0.360056,0.27475,0.113748,0.33299,0.254096,0.108427,0.306954,0.23423,0.103429,0.0618073,0.252888,0.107011,0.275279,0.344653,0.205906,0.0421481,1,0.00350389,0.00350877,0,0,0,0,0.0695507,0.0123506,0,0.0115317,0,0,0,0,0,0,0,0.147934,0.169165,0.211948,0.215868,0.194809,0.240576,0.206645,0.223322,0.251285,0.168287,0.265516,0.158747,1,1,1,2,1,1,3,2,2,2,4,1,1,4,2,4,1
08,284,197,0.356994,0.264231,0.133417,0.330776,0.244825,0.125722,0.31223,0.231098,0.117914,0.0255593,0.244151,0.124344,0.277267,0.343971,0.210564,0.0430125,0,0.00699811,0.00701754,0,0,0,0,0.125859,0.022309,0,0.0233117,0,0,0,0,0,0,0,0.150557,0.171415,0.211878,0.215847,0.195184,0.239292,0.207056,0.223146,0.250687,0.170032,0.262996,0.160745,4,1,4,1,4,4,3,3,4,2,2,2,2,2,2,2,2
09,351,297,0.356617,0.204778,0.114538,0.329507,0.18921,0.109173,0.313876,0.180235,0.102832,0.0156442,0.18919,0.10749,0.2706,0.333893,0.207308,0.0401039,0,0.0582612,0.0596491,0,0,0,0,0.115555,0.0291227,0,0.0434363,0,0,0,0,0,0,0,0.16452,0.180862,0.212662,0.215635,0.199785,0.234038,0.208781,0.22126,0.242375,0.179839,0.252603,0.17284,1,2,1,4,1,4,1,1,2,4,2,1,2,2,2,2,2
10,301,215,0.35506,0.258669,0.137925,0.331071,0.241192,0.130449,0.313869,0.22866,0.122288,0.0273396,0.240193,0.128828,0.272921,0.336101,0.209742,0.0367193,0,0.0277601,0.0280702,0,0,0,0,0.135379,0.0273634,0,0.0269646,0,0,0,0,0,0,0,0.151297,0.172165,0.211918,0.215837,0.195485,0.238861,0.20723,0.222997,0.250098,0.170645,0.262195,0.161419,1,1,1,1,1,4,3,3,1,2,2,3,1,2,2,2,1
11,348,287,0.346822,0.277463,0.110947,0.33189,0.265517,0.107218,0.321288,0.257035,0.102174,0.0182171,0.263031,0.105392,0.274501,0.340447,0.208555,0.0346919,0,0.058268,0.0596491,0,0,0,0,0.214057,0.0455894,0,0.041615,0,0,0,0,0,0,0,0.145008,0.167651,0.211743,0.215902,0.193765,0.241385,0.206353,0.223756,0.253211,0.166241,0.267174,0.156432,4,1,1,1,1,4,3,1,2,4,2,4,3,1,1,1,1
12,311,345,0.347388,0.170802,0.114803,0.324698,0.159646,0.109933,0.327914,0.161227,0.101657,0.0139622,0.160331,0.107986,0.266901,0.331112,0.20269,0.0412026,0,0.0311832,0.0315789,0,0,0,0,0.0592869,0.0151996,0,0.0447063,0,0,0,0,0,0,0,0.172421,0.186209,0.213011,0.215555,0.202048,0.231055,0.209759,0.220324,0.238317,0.185358,0.246723,0.179332,1,5,4,4,4,1,1,4,4,2,2,1,1,4,2,1,4
13,211,200,0.341287,0.179477,0.148256,0.321198,0.168913,0.145737,0.337515,0.177494,0.140503,0.0173022,0.16973,0.142823,0.26242,0.325309,0.19953,0.0438297,0,0.0139558,0.0140351,0,0,0,0,0.0587643,0.0122397,0,0.0175833,0,0,0,0,0,0,0,0.170162,0.185145,0.212809,0.215622,0.200987,0.231634,0.209568,0.220717,0.240195,0.18393,0.247894,0.177521,4,1,4,2,3,4,4,3,4,4,3,5,1,2,3,4,4
14,313,350,0.346321,0.196003,0.147108,0.32722,0.185193,0.144041,0.326459,0.184762,0.13623,0.0122757,0.185117,0.140886,0.255906,0.317032,0.194781,0.0558389,0,0.020873,0.0210526,1,0.0486445,0,0.109804,0.0808067,0.0814372,0,0.0456458,0,0,0,0,0,0,0,0.165879,0.181825,0.212668,0.215643,0.199993,0.233503,0.208959,0.221157,0.242009,0.180831,0.25155,0.173791,1,1,4,3,3,4,4,3,4,2,3,2,1,2,3,1,3
15,337,342,0.360616,0.53067,0.199885,0.329235,0.484491,0.188278,0.31015,0.456406,0.181515,0.0359993,0.485404,0.186626,0.2577,0.318337,0.197063,0.0587538,0,0.048159,0.0491228,0,0,0,0,0.0965794,0.0244677,0,0.0480225,0,0,0,0,0,0,0,0.0859947,0.127427,0.209026,0.216652,0.175864,0.263823,0.199048,0.231138,0.28546,0.125096,0.311482,0.106633,1,1,1,1,2,2,3,1,1,4,2,4,4,1,4,3,1
16,257,428,0.361474,0.392993,0.224251,0.331844,0.360778,0.207829,0.306682,0.333423,0.193415,0.0268971,0.360076,0.206707,0.256461,0.315322,0.1976,0.0576471,0,0.0311773,0.0315789,0,0,0,0,0.0787983,0.0185827,0,0.0458317,0,0,0,0,0,0,0,0.119117,0.150057,0.210544,0.216215,0.185994,0.251216,0.203165,0.226947,0.267185,0.148188,0.286555,0.134693,1,1,1,1,2,4,2,1,1,1,3,3,2,2,1,1,1
17,363,364,0.366562,0.403687,0.265482,0.329871,0.36328,0.240578,0.303567,0.334312,0.220878,0.0329907,0.364729,0.240665,0.258604,0.318134,0.199073,0.0589974,0,0.0515289,0.0526316,0,0,0,0,0.0803534,0.0222474,0,0.055055,0,0,0,0,0,0,0,0.118281,0.149469,0.210468,0.21625,0.185527,0.251544,0.203065,0.227116,0.268057,0.147637,0.287188,0.13379,4,1,1,4,4,2,1,2,4,4,4,2,1,2,2,3,4
18,197,150,0.351479,0.59512,0.192604,0.331701,0.561631,0.183356,0.31682,0.536436,0.174366,0.0783083,0.55761,0.181056,0.270086,0.331045,0.209127,0.0582296,0,0,0,0,0,0,0,0.0645976,0.0111408,0,0.0123125,0,0,0,0,0,0,0,0.0677964,0.115088,0.208005,0.216953,0.169793,0.270723,0.196746,0.233549,0.296488,0.112529,0.325026,0.0912068,4,1,1,4,3,1,3,1,1,2,3,3,4,2,3,1,1
19,416,315,0.355486,0.438952,0.233535,0.332139,0.410122,0.220044,0.312375,0.385718,0.205879,0.0168838,0.407824,0.217582,0.272084,0.334106,0.210061,0.0555203,0,0.0311867,0.0315789,0,0,0,0,0.109977,0.0238106,0,0.0546,0,0,0,0,0,0,0,0.106643,0.141814,0.209898,0.216396,0.182009,0.255811,0.201675,0.228584,0.274345,0.139599,0.295636,0.124169,2,1,4,1,1,1,4,3,3,1,3,1,4,2,1,1,1
20,207,216,0.361829,0.498237,0.222965,0.333042,0.458597,0.202717,0.305129,0.42016,0.186157,0.0382539,0.456925,0.202383,0.277415,0.339981,0.214848,0.0554953,0,0,0,0,0,0,0,0.0596531,0.0102457,0,0.01863,0,0,0,0,0,0,0,0.0934874,0.132674,0.209212,0.216573,0.178136,0.260969,0.199992,0.230211,0.281351,0.130414,0.305811,0.112558,1,1,1,1,4,1,3,1,1,4,4,1,1,1,4,1,1
21,292,401,0.365102,0.535042,0.244377,0.333717,0.48905,0.222637,0.301181,0.441369,0.207743,0.0961269,0.487628,0.2216,0.293402,0.3608,0.226004,0.0587576,0,0.0208826,0.0210526,0,0,0,0,0.221339,0.0407111,0,0.0487883,0,0,0,0,0,0,0,0.0855072,0.12691,0.209047,0.21665,0.175791,0.264126,0.198927,0.231152,0.285583,0.124708,0.312054,0.106259,3,1,1,1,4,1,1,1,4,2,1,3,3,2,3,3,1
22,364,397,0.368745,0.49724,0.236552,0.331663,0.447235,0.206866,0.299593,0.40399,0.181327,0.0110737,0.448289,0.207828,0.295353,0.362577,0.22813,0.0560868,0,0.0583078,0.0596491,0,0,0,0,0.116182,0.0294037,0,0.0602117,0,0,0,0,0,0,0,0.0960409,0.134407,0.209423,0.216535,0.178777,0.259951,0.200323,0.229902,0.280198,0.132152,0.303791,0.115063,1,1,1,4,2,3,4,3,3,2,2,3,1,2,3,1,3
23,363,446,0.355538,0.584814,0.252443,0.328355,0.540102,0.267194,0.316106,0.519953,0.268035,0.0057397,0.540379,0.257228,0.290232,0.354721,0.225743,0.0536483,0,0.0549434,0.0561404,0,0,0,0,0.0563336,0.0189261,0,0.0674575,0,0,0,0,0,0,0,0.0714451,0.117875,0.208266,0.21685,0.171314,0.269158,0.197312,0.232977,0.293622,0.115058,0.322003,0.0945223,4,3,1,1,2,2,2,3,2,4,2,1,3,2,2,2,2
24,349,432,0.357748,0.513955,0.277523,0.329282,0.47306,0.27108,0.31297,0.449625,0.266071,0.0190668,0.473111,0.266585,0.287868,0.34951,0.226226,0.0553926,0,0.0482018,0.0491228,0,0,0,0,0.0971696,0.024563,0,0.06282,0,0,0,0,0,0,0,0.0893915,0.129671,0.20917,0.216615,0.176872,0.26259,0.19945,0.230707,0.283636,0.127467,0.309016,0.109378,1,1,4,1,1,1,2,1,2,2,2,1,4,2,2,2,2
25,285,284,0.358477,0.590275,0.243129,0.333597,0.549307,0.231782,0.307926,0.507036,0.223311,0.0557136,0.545889,0.229485,0.288351,0.349072,0.227631,0.0612569,0,0.00699846,0.00701754,0,0,0,0,0.130828,0.0233383,0,0.033725,0,0,0,0,0,0,0,0.069885,0.116489,0.208319,0.216817,0.171118,0.269939,0.19706,0.233112,0.294021,0.113851,0.323515,0.0929117,1,1,2,3,2,1,1,1,4,2,1,1,1,2,2,3,1
26,255,272,0.353874,0.592292,0.229531,0.329209,0.551008,0.227779,0.316917,0.530435,0.226169,0.0207488,0.550017,0.22326,0.289538,0.352316,0.226759,0.0590755,0,0.003504,0.00350877,0,0,0,0,0.107523,0.0188683,0,0.0289,0,0,0,0,0,0,0,0.0694461,0.116074,0.208196,0.216877,0.170618,0.270184,0.196976,0.233246,0.294915,0.113634,0.32395,0.0925414,4,4,3,3,4,4,1,4,2,4,1,4,2,4,2,4,4
27,278,378,0.359243,0.440995,0.290026,0.328964,0.403825,0.275348,0.311794,0.382747,0.262545,0.0373387,0.404422,0.272486,0.290766,0.35456,0.226973,0.0703266,0,0.0174253,0.0175439,0,0,0,0,0.103113,0.020367,0,0.043785,0,0,0,0,0,0,0,0.107619,0.141881,0.21005,0.216364,0.182514,0.255785,0.201668,0.228411,0.273488,0.140123,0.295551,0.124673,1,1,1,3,4,2,1,1,4,4,2,2,1,4,4,2,1
28,348,414,0.354296,0.370785,0.252816,0.329327,0.344654,0.243468,0.316378,0.331102,0.231402,0.0590481,0.344066,0.23981,0.293749,0.35929,0.228208,0.0683764,0,0.0515829,0.0526316,0,0,0,0,0.150903,0.0340044,0,0.06003,0,0,0,0,0,0,0,0.123651,0.153034,0.210744,0.216177,0.187256,0.249551,0.203699,0.226434,0.264939,0.151343,0.283276,0.138248,1,3,3,3,1,4,1,1,4,2,2,1,4,1,2,4,1
29,324,296,0.372113,0.485491,0.21377,0.331699,0.432763,0.181136,0.296188,0.386433,0.160183,0.0939593,0.43457,0.18374,0.300029,0.366998,0.233061,0.0679008,0,0.0448305,0.045614,0,0,0,0,0.0975726,0.024051,0,0.03996,0,0,0,0,0,0,0,0.0988858,0.136625,0.209704,0.216459,0.179927,0.258712,0.200688,0.229439,0.278036,0.134129,0.301331,0.11828,2,1,1,1,3,2,2,2,1,2,3,2,1,3,1,1,1
30,284,177,0.355141,0.973561,0.115318,0.346177,0.948987,0.143683,0.298682,0.818788,0.336598,0.0234703,0.92304,0.149276,0.294143,0.360003,0.228283,0.0661646,0,0,0,0,0,0,0,0.0449938,0.00810527,0,0.020945,0,0,0,0,0,0,0,0,0.048804,0.203678,0.218131,0.140542,0.30768,0.184709,0.24562,0.349016,0.0443374,0.39808,0.00972734,3,3,0,0,1,4,0,0,1,4,2,2,1,2,2,4,2
31,251,201,0.380088,0.833675,0.268161,0.310206,0.680399,0.440178,0.309706,0.6793,0.440233,0.0762505,0.711854,0.375885,0.293016,0.359407,0.226626,0.0670706,0,0.00699855,0.00701754,0,0,0,0,0.0426784,0.00875778,0,0.0210213,0,0,0,0,0,0,0,0.0260683,0.0868278,0.206195,0.217457,0.15759,0.286466,0.191636,0.238631,0.318358,0.0833718,0.356198,0.0564278,3,2,4,4,1,1,1,4,1,1,1,4,0,1,5,4,1
34,300,225,0.213411,0.317957,0.346198,0.338873,0.504881,0.308156,0.447715,0.667042,0.259917,0.0642002,0.458294,0.30134,0.29871,0.36704,0.230381,0.0649747,0,0,0,0,0,0,0,0.0621053,0.0106587,0,0.028125,0,0,0,0,0,0,0,0.0930313,0.133092,0.209218,0.216576,0.177755,0.260638,0.200053,0.230296,0.281973,0.130165,0.305254,0.112926,1,2,2,2,1,2,4,4,1,4,2,4,1,3,1,2,2
35,300,225,0.251242,0.209157,0.340582,0.335891,0.279627,0.360491,0.412866,0.343708,0.368405,0.113411,0.260537,0.344802,0.301163,0.37141,0.230916,0.0830057,0,0.010484,0.0105263,0,0,0,0,0.0830324,0.0157758,0,0.028125,0,0,0,0,0,0,0,0.145786,0.168644,0.211609,0.2159,0.193733,0.240825,0.206554,0.223715,0.253341,0.166958,0.266094,0.157086,4,1,3,2,4,4,3,2,1,1,1,3,3,1,1,2,1
36,300,225,0.250402,0.367133,0.318029,0.343745,0.50399,0.322163,0.405853,0.595051,0.307094,0.136227,0.464133,0.309883,0.309201,0.376655,0.241748,0.112532,0,0,0,0,0,0,0,0.124334,0.0210432,0,0.028125,0,0,0,0,0,0,0,0.0918246,0.131098,0.209324,0.216528,0.17771,0.2618,0.199708,0.230426,0.282149,0.129092,0.307436,0.111447,2,2,4,2,2,2,4,2,2,2,4,2,2,2,4,1,2
37,300,225,0.255082,0.283076,0.280491,0.338818,0.376001,0.312482,0.406101,0.450668,0.311609,0.0991647,0.349709,0.295563,0.311399,0.375609,0.247188,0.13432,0,0.00699902,0.00701754,0,0,0,0,0.0931293,0.0169326,0,0.028125,0,0,0,0,0,0,0,0.122229,0.152127,0.210715,0.21621,0.186703,0.250079,0.20357,0.226663,0.265955,0.150467,0.28426,0.136114,3,3,2,2,2,1,2,2,2,1,2,4,2,1,2,2,2
38,300,225,0.281579,0.41587,0.331339,0.340026,0.502192,0.322073,0.378395,0.558861,0.313783,0.0457312,0.473349,0.316051,0.310113,0.37381,0.246415,0.130589,0,0.00350413,0.00350877,0,0,0,0,0.109738,0.0191906,0,0.028125,0,0,0,0,0,0,0,0.0892798,0.129929,0.209089,0.216615,0.176728,0.262429,0.199517,0.230735,0.283876,0.127471,0.308704,0.109615,3,1,2,2,1,3,2,2,3,1,1,3,1,1,1,1,1
39,300,225,0.286045,0.376705,0.359797,0.337447,0.4444,0.376515,0.376508,0.495841,0.374889,0.0479539,0.421653,0.362857,0.310697,0.375199,0.246194,0.127071,0,0.00350413,0.00350877,0,0,0,0,0.0387564,0.00732679,0,0.028125,0,0,0,0,0,0,0,0.103029,0.138908,0.209933,0.216432,0.181092,0.257425,0.201143,0.22897,0.276039,0.136921,0.29884,0.121281,2,5,4,1,2,2,4,2,2,4,4,2,5,4,4,2,2
40,300,225,0.195206,0.285261,0.327364,0.342206,0.500078,0.26948,0.462588,0.675995,0.198134,0.155389,0.446939,0.268877,0.314685,0.378642,0.250728,0.125043,0,0.0208875,0.0210526,0,0,0,0,0.117269,0.0233478,0,0.028125,0,0,0,0,0,0,0,0.095378,0.134676,0.209424,0.216526,0.178817,0.259785,0.200358,0.229895,0.279963,0.131865,0.303509,0.115695,1,2,2,2,3,3,2,4,2,2,2,4,3,2,2,2,2
41,300,225,0.246273,0.254691,0.27903,0.336041,0.347528,0.293593,0.417686,0.431963,0.289932,0.235174,0.322926,0.281408,0.32426,0.38819,0.26033,0.149483,0,0.00350421,0.00350877,0,0,0,0,0.133533,0.0230824,0,0.028125,0,0,0,0,0,0,0,0.129612,0.156822,0.21078,0.216136,0.189207,0.247492,0.204422,0.22579,0.261491,0.155355,0.279175,0.141732,2,2,2,1,3,3,1,4,1,2,3,4,1,2,3,2,2
42,300,225,0.251982,0.287643,0.291335,0.335527,0.383011,0.302492,0.41249,0.470866,0.29299,0.175107,0.357387,0.289425,0.328615,0.391319,0.26591,0.147852,0,0,0,0,0,0,0,0.116729,0.0197109,0,0.028125,0,0,0,0,0,0,0,0.1201,0.151401,0.210427,0.216252,0.185948,0.25046,0.203498,0.22692,0.267368,0.149064,0.285074,0.134838,2,2,2,2,1,2,4,2,1,1,2,2,4,1,2,2,2
43,300,225,0.274607,0.319097,0.365217,0.336808,0.391376,0.355231,0.388585,0.451541,0.340071,0.0486371,0.369282,0.348403,0.326993,0.388647,0.265339,0.144246,0,0.00350423,0.00350877,0,0,0,0,0.0730245,0.013004,0,0.028125,0,0,0,0,0,0,0,0.117271,0.148953,0.210184,0.216319,0.184987,0.251826,0.202997,0.22738,0.269002,0.147034,0.287781,0.132422,4,4,1,2,2,1,3,2,2,1,1,1,2,1,1,2,1
44,300,225,0.22452,0.174512,0.17557,0.33944,0.263836,0.201403,0.43604,0.33892,0.218107,0.160362,0.240876,0.190157,0.334248,0.397148,0.271348,0.168907,0,0.0208914,0.0210526,0,0,0,0,0.137187,0.0265341,0,0.028125,0,0,0,0,0,0,0,0.150793,0.171628,0.212075,0.215793,0.195628,0.239156,0.207101,0.222981,0.249855,0.170195,0.262786,0.16144,2,2,2,2,3,2,2,4,4,2,2,1,4,4,3,1,2
45,300,225,0.211949,0.277252,0.25962,0.345045,0.451356,0.25358,0.443006,0.579501,0.22108,0.180156,0.405746,0.244169,0.338386,0.398809,0.277963,0.165247,0,0.00699963,0.00701754,0,0,0,0,0.0823054,0.0151757,0,0.028125,0,0,0,0,0,0,0,0.107613,0.141798,0.210177,0.216426,0.182407,0.255862,0.201622,0.228333,0.273575,0.140031,0.295609,0.124791,2,2,2,2,3,2,2,2,3,2,2,4,2,2,2,2,2
46,300,225,0.238213,0.272975,0.299092,0.33902,0.388491,0.296233,0.422767,0.484459,0.277868,0.100877,0.357709,0.287023,0.340472,0.400638,0.280306,0.172613,0,0,0,0,0,0,0,0.082166,0.0139411,0,0.028125,0,0,0,0,0,0,0,0.119958,0.15005,0.210719,0.216188,0.186398,0.251226,0.203154,0.226825,0.266518,0.148657,0.286546,0.135056,4,4,2,2,2,4,2,2,2,3,4,1,3,4,1,2,2
47,300,225,0.182593,0.235948,0.193294,0.349834,0.452057,0.188774,0.467573,0.6042,0.181325,0.125776,0.396838,0.177389,0.346031,0.407797,0.284266,0.169009,0,0,0,0,0,0,0,0.135582,0.0228724,0,0.028125,0,0,0,0,0,0,0,0.109805,0.143909,0.210038,0.216344,0.182784,0.254631,0.202082,0.228195,0.273013,0.141832,0.293302,0.126964,1,4,4,4,4,2,4,4,1,2,2,4,4,4,4,4,4
48,300,225,0.230086,0.198347,0.236495,0.337236,0.290716,0.255119,0.432678,0.372993,0.255896,0.108859,0.2671,0.241685,0.348082,0.409013,0.287151,0.167185,0,0.0174335,0.0175439,0,0,0,0,0.100101,0.0197857,0,0.028125,0,0,0,0,0,0,0,0.14408,0.166616,0.211834,0.215912,0.193638,0.242014,0.206184,0.223808,0.253492,0.165615,0.26832,0.155745,1,3,1,2,2,2,2,4,2,2,3,4,2,2,4,4,2
49,300,225,0.204206,0.117634,0.162653,0.348804,0.200931,0.218557,0.44699,0.257492,0.241836,0.168616,0.178884,0.195088,0.351675,0.411515,0.291834,0.188569,0,0.0243465,0.0245614,0,0,0,0,0.0993781,0.0207707,0,0.028125,0,0,0,0,0,0,0,0.16748,0.182544,0.212623,0.215562,0.200653,0.233102,0.209167,0.221068,0.240837,0.181844,0.25073,0.173555,3,2,4,4,2,2,2,2,2,2,2,4,1,1,1,4,2
50,300,225,0.159124,0.0605134,0.114851,0.33242,0.126417,0.215434,0.508456,0.193362,0.272853,0.0678024,0.112065,0.182916,0.350119,0.409255,0.290984,0.207386,0,0.00699987,0.00701754,0,0,0,0,0.0170623,0.00409554,0,0.028125,0,0,0,0,0,0,0,0.18552,0.194789,0.21351,0.215386,0.206005,0.226299,0.211325,0.218766,0.231198,0.194449,0.237273,0.189531,1,2,2,2,1,1,1,2,4,2,2,3,2,2,2,2,2
51,300,225,0.322762,0.562072,0.333838,0.339123,0.590563,0.287752,0.338114,0.588807,0.256134,0.0770574,0.570434,0.288068,0.353647,0.4183,0.288994,0.203154,0,0,0,0,0,0,0,0.0806516,0.0138246,0,0.028125,0,0,0,0,0,0,0,0.0635012,0.112108,0.207993,0.216918,0.169041,0.272396,0.196212,0.233816,0.297699,0.109441,0.328318,0.0880601,1,4,4,4,1,3,4,4,1,1,4,4,1,1,4,4,4
52,300,225,0.261578,0.132291,0.154667,0.339286,0.171592,0.182248,0.399136,0.20186,0.199806,0.0923806,0.160084,0.168094,0.356794,0.422093,0.291495,0.206704,0,0.0208952,0.0210526,0,0,0,0,0.0978295,0.0199137,0,0.028125,0,0,0,0,0,0,0,0.172514,0.186126,0.21302,0.215521,0.202162,0.231134,0.209745,0.220298,0.238097,0.185319,0.24679,0.178856,2,2,2,4,4,2,1,1,4,2,3,4,2,2,3,3,2
53,300,225,0.259209,0.264733,0.238459,0.34483,0.352178,0.248263,0.395961,0.4044,0.246927,0.240213,0.325463,0.235892,0.365306,0.430721,0.299891,0.209766,0,0,0,0,0,0,0,0.174844,0.0293842,0,0.028125,0,0,0,0,0,0,0,0.1284,0.156361,0.211029,0.215969,0.188744,0.247705,0.204349,0.225819,0.262274,0.154699,0.279567,0.142301,4,2,3,1,3,2,4,1,4,2,2,4,2,2,2,4,2
54,300,225,0.149658,0.194124,0.156664,0.358599,0.465145,0.239155,0.491744,0.63785,0.25942,0.0651355,0.395862,0.206109,0.364698,0.429141,0.300254,0.210211,0,0.00350441,0.00350877,0,0,0,0,0.0600287,0.0108576,0,0.028125,0,0,0,0,0,0,0,0.109892,0.143849,0.210056,0.216355,0.182981,0.254665,0.202044,0.228187,0.272598,0.14175,0.293378,0.126747,4,1,1,1,2,2,2,1,3,2,2,4,1,1,1,1,1
55,300,225,0.145721,0.162729,0.135278,0.35142,0.392436,0.208244,0.502858,0.561549,0.222155,0.0360772,0.336291,0.177299,0.363142,0.427692,0.298591,0.206249,0,0.00700008,0.00701754,0,0,0,0,0.0850985,0.0155774,0,0.028125,0,0,0,0,0,0,0,0.125585,0.15456,0.210813,0.216159,0.187832,0.248713,0.203995,0.226212,0.263935,0.15281,0.281589,0.139922,2,1,1,1,2,1,1,4,2,1,2,2,2,1,4,2,2
56,300,225,0.175173,0.239341,0.22018,0.356945,0.487697,0.276564,0.467882,0.639271,0.280696,0.116244,0.422225,0.248048,0.364296,0.427187,0.301405,0.209318,0,0,0,0,0,0,0,0.0871377,0.0148138,0,0.028125,0,0,0,0,0,0,0,0.102673,0.138336,0.209846,0.216383,0.181169,0.25776,0.201047,0.229028,0.275947,0.136644,0.299418,0.120835,2,2,2,1,1,2,3,4,1,2,3,4,2,2,2,2,2
57,300,225,0.186732,0.208483,0.213804,0.343816,0.383864,0.274958,0.469452,0.524133,0.286409,0.0814439,0.340554,0.25008,0.364432,0.427597,0.301266,0.212046,0,0.00350441,0.00350877,1,0.474681,0,0.0627451,0.0974028,0.102465,0,0.028125,0,0,0,0,0,0,0,0.124678,0.153642,0.210837,0.216165,0.187628,0.249221,0.203804,0.226276,0.26429,0.152019,0.282601,0.138944,3,2,2,2,3,2,1,4,3,4,3,3,1,1,2,1,3
58,300,225,0.175893,0.270604,0.204387,0.356697,0.548765,0.271582,0.46741,0.719093,0.23164,0.0714003,0.475482,0.236749,0.364522,0.425256,0.303789,0.20887,0,0.00350441,0.00350877,0,0,0,0,0.102384,0.0179696,0,0.028125,0,0,0,0,0,0,0,0.0889019,0.129449,0.209253,0.216627,0.176641,0.262724,0.199399,0.230764,0.283988,0.127129,0.309244,0.109534,2,2,2,2,2,2,2,2,1,3,4,4,2,2,2,2,2
59,300,225,0.239675,0.312155,0.357627,0.334415,0.435544,0.355041,0.42591,0.554709,0.331294,0.043069,0.404136,0.339086,0.362944,0.42426,0.301627,0.20567,0,0,0,0,0,0,0,0.0715718,0.0121983,0,0.028125,0,0,0,0,0,0,0,0.107735,0.142761,0.209861,0.216405,0.182126,0.255259,0.201864,0.22851,0.274156,0.140419,0.294594,0.124862,4,4,4,2,2,4,4,2,2,3,4,2,2,2,2,2,2
60,300,225,0.193271,0.325682,0.317002,0.356607,0.600923,0.292508,0.450122,0.758506,0.253302,0.135078,0.526055,0.27977,0.365265,0.426211,0.304318,0.202289,0,0,0,0,0,0,0,0.0813846,0.0139253,0,0.028125,0,0,0,0,0,0,0,0.0747917,0.120314,0.208361,0.216901,0.172429,0.267739,0.197663,0.232509,0.291396,0.117315,0.319402,0.0980008,2,2,2,2,3,4,2,1,3,3,2,4,2,2,2,2,2
61,300,225,0.234476,0.23636,0.253555,0.342265,0.345016,0.279495,0.423259,0.426661,0.274717,0.105344,0.315491,0.264322,0.367013,0.427764,0.306261,0.202574,0,0.00700016,0.00701754,0,0,0,0,0.0879557,0.0160489,0,0.028125,0,0,0,0,0,0,0,0.131118,0.158191,0.211008,0.216051,0.189481,0.246655,0.204705,0.22558,0.260892,0.156585,0.277564,0.143648,2,4,2,2,4,2,2,2,4,3,2,2,1,1,2,2,2
62,300,225,0.27605,0.484105,0.331454,0.342277,0.600246,0.333497,0.381672,0.669332,0.315538,0.0544244,0.562147,0.323333,0.367453,0.429474,0.305432,0.200305,0,0,0,0,0,0,0,0.0919689,0.0157026,0,0.028125,0,0,0,0,0,0,0,0.0658566,0.114265,0.207966,0.216975,0.169385,0.271136,0.19668,0.23374,0.297068,0.111228,0.325981,0.0896095,4,2,2,2,3,4,4,2,3,1,4,2,1,1,2,2,2
63,300,225,0.107207,0.0864756,0.0804614,0.342405,0.276193,0.175738,0.550388,0.443957,0.239656,0.053131,0.233879,0.146634,0.366056,0.426619,0.305492,0.220766,0,0.0208968,0.0210526,0,0,0,0,0.088582,0.0184159,0,0.028125,0,0,0,0,0,0,0,0.152851,0.172996,0.212042,0.215813,0.196087,0.23842,0.207361,0.222818,0.249045,0.171722,0.261281,0.162208,2,2,2,1,4,2,2,1,2,2,2,2,1,2,2,2,2
64,300,225,0.114807,0.113347,0.0918087,0.347611,0.343191,0.189848,0.537582,0.530746,0.254913,0.0603306,0.290003,0.159254,0.366041,0.425846,0.306235,0.218937,0,0,0,0,0,0,0,0.109457,0.0184401,0,0.028125,0,0,0,0,0,0,0,0.137956,0.162555,0.211374,0.215989,0.191658,0.24426,0.205451,0.224641,0.257026,0.161286,0.272786,0.149779,2,2,1,1,2,2,1,1,3,3,3,1,2,2,3,2,2
65,300,225,0.142786,0.159839,0.137298,0.350686,0.392571,0.188011,0.506528,0.567025,0.211146,0.0537734,0.336131,0.158257,0.366239,0.426841,0.305636,0.215768,0,0,0,0,0,0,0,0.0755496,0.0128182,0,0.028125,0,0,0,0,0,0,0,0.126356,0.154894,0.2107,0.216152,0.187734,0.248526,0.204048,0.226235,0.264113,0.15333,0.281227,0.140061,4,1,1,4,2,1,1,4,2,1,2,2,2,1,4,2,2
66,300,225,0.106962,0.0890156,0.085039,0.343388,0.285773,0.164724,0.549649,0.457426,0.206535,0.0475314,0.241671,0.137448,0.365747,0.42731,0.304184,0.212668,0,0.00700014,0.00701754,0,0,0,0,0.0751761,0.0138633,0,0.028125,0,0,0,0,0,0,0,0.150947,0.171451,0.211938,0.2158,0.19557,0.239272,0.207046,0.222936,0.249986,0.170358,0.262961,0.161281,1,1,4,1,1,1,1,3,1,1,2,2,2,1,2,4,1
67,300,225,0.173213,0.196716,0.246443,0.345701,0.392609,0.296634,0.481086,0.546364,0.299717,0.0640031,0.344645,0.270786,0.365287,0.427218,0.303357,0.21436,0,0.00350441,0.00350877,0,0,0,0,0.0987785,0.0172822,0,0.028125,0,0,0,0,0,0,0,0.123459,0.152655,0.210795,0.216165,0.187304,0.249779,0.203631,0.226409,0.264834,0.151119,0.283687,0.138012,3,2,2,1,3,3,1,4,1,4,1,4,1,2,3,4,1
68,300,225,0.184806,0.273891,0.350109,0.350037,0.51877,0.300152,0.465157,0.689384,0.268845,0.0682731,0.455876,0.293195,0.36401,0.424597,0.303424,0.211112,0,0,0,0,0,0,0,0.0528487,0.00911484,0,0.028125,0,0,0,0,0,0,0,0.0939263,0.133285,0.209256,0.216551,0.178064,0.260508,0.200123,0.230213,0.281486,0.13081,0.305034,0.113392,2,2,2,4,3,2,2,4,2,2,2,2,2,2,2,2,2
69,300,225,0.154752,0.187911,0.181426,0.346756,0.421054,0.239199,0.498491,0.605301,0.239127,0.0476134,0.36504,0.212314,0.363515,0.422478,0.304552,0.207961,0,0.00350441,0.00350877,0,0,0,0,0.115614,0.0200995,0,0.028125,0,0,0,0,0,0,0,0.118033,0.149289,0.210498,0.216232,0.185536,0.251654,0.203008,0.227125,0.268029,0.147476,0.287391,0.133682,2,2,2,2,2,2,2,2,4,2,2,3,2,2,2,2,2
70,300,225,0.270693,0.430618,0.247337,0.350867,0.558159,0.209306,0.37844,0.602022,0.181416,0.0613615,0.514707,0.2033,0.364463,0.42354,0.305386,0.20506,0,0.00350441,0.00350877,0,0,0,0,0.0743942,0.013329,0,0.028125,0,0,0,0,0,0,0,0.0783644,0.121899,0.20878,0.216727,0.173692,0.266918,0.19804,0.232025,0.289368,0.119691,0.317558,0.100262,2,3,4,4,2,3,4,4,3,2,4,4,3,2,2,4,4
71,300,225,0.292826,0.159823,0.205596,0.344085,0.187799,0.2236,0.363089,0.198172,0.200826,0.039428,0.177047,0.210808,0.363762,0.423073,0.304451,0.213679,0,0.0174353,0.0175439,0,0,0,0,0.0767035,0.0158187,0,0.028125,0,0,0,0,0,0,0,0.16809,0.182976,0.212864,0.215577,0.20081,0.23287,0.209168,0.220858,0.240562,0.182283,0.250275,0.175462,2,2,1,4,2,4,1,4,1,4,2,4,2,4,4,4,4
72,300,225,0.261951,0.221124,0.260432,0.345871,0.291965,0.290444,0.392178,0.331054,0.290132,0.0664788,0.269837,0.274296,0.364673,0.425499,0.303847,0.212211,0,0.0104872,0.0105263,0,0,0,0,0.0637294,0.0125592,0,0.028125,0,0,0,0,0,0,0,0.142785,0.16601,0.211697,0.215895,0.193296,0.242319,0.206062,0.223973,0.253923,0.164587,0.268943,0.15429,1,3,2,4,3,4,1,4,1,4,2,1,1,4,3,3,4
73,300,225,0.219689,0.334115,0.26238,0.346504,0.526983,0.276294,0.433807,0.659757,0.271938,0.0281725,0.474907,0.261386,0.364315,0.427154,0.301476,0.209222,0,0,0,0,0,0,0,0.0547953,0.00944655,0,0.028125,0,0,0,0,0,0,0,0.0893615,0.129629,0.209033,0.216612,0.176625,0.26261,0.199484,0.230828,0.284106,0.12752,0.309042,0.108452,4,1,4,4,4,1,4,4,4,1,1,4,2,3,4,1,4
74,300,225,0.226065,0.26398,0.232999,0.345779,0.403772,0.274094,0.428156,0.499966,0.292225,0.24122,0.365634,0.253331,0.36664,0.427874,0.305405,0.240665,0,0.00350442,0.00350877,0,0,0,0,0.0878915,0.0155042,0,0.028125,0,0,0,0,0,0,0,0.116234,0.149111,0.210382,0.216242,0.185601,0.251689,0.20305,0.227167,0.267885,0.14633,0.287582,0.133158,2,2,2,2,2,4,2,2,2,1,2,2,2,1,2,3,2
75,300,225,0.236673,0.245678,0.214389,0.343822,0.356904,0.248685,0.419505,0.435467,0.261928,0.205949,0.326047,0.231831,0.368618,0.428913,0.308322,0.273112,0,0.0139659,0.0140351,0,0,0,0,0.056697,0.0120231,0,0.028125,0,0,0,0,0,0,0,0.128843,0.155934,0.211243,0.216051,0.18896,0.247907,0.204142,0.225609,0.261919,0.15474,0.28002,0.144512,2,2,3,3,2,2,3,1,2,3,4,2,2,2,4,2,2
76,300,225,0.26858,0.185317,0.267085,0.334681,0.230925,0.292907,0.396739,0.273745,0.297456,0.0958952,0.217822,0.279724,0.369167,0.428536,0.309798,0.282941,0,0.0174359,0.0175439,0,0,0,0,0.0842091,0.0171036,0,0.028125,0,0,0,0,0,0,0,0.157589,0.17567,0.212336,0.215751,0.197538,0.23693,0.207829,0.222195,0.246492,0.17495,0.258324,0.166394,3,2,2,4,1,4,1,4,4,2,3,2,1,4,3,5,4
77,300,225,0.209904,0.273211,0.236348,0.347355,0.452116,0.231983,0.442741,0.57627,0.206529,0.159062,0.404651,0.222508,0.370774,0.430251,0.311297,0.281154,0,0.00700023,0.00701754,0,0,0,0,0.111017,0.0199576,0,0.028125,0,0,0,0,0,0,0,0.107931,0.141876,0.210084,0.216436,0.18258,0.255707,0.201588,0.228308,0.27342,0.140273,0.295634,0.125325,2,2,2,3,3,3,4,4,2,2,2,2,3,2,2,3,2
78,300,225,0.25558,0.290711,0.272758,0.345394,0.392871,0.307693,0.399026,0.453874,0.316277,0.15135,0.362024,0.290982,0.372352,0.432144,0.31256,0.277925,0,0.00350445,0.00350877,0,0,0,0,0.0998487,0.0174832,0,0.028125,0,0,0,0,0,0,0,0.119032,0.149798,0.21066,0.216275,0.185777,0.251345,0.203064,0.226944,0.267576,0.148128,0.286819,0.134786,2,3,3,3,1,3,3,2,1,1,4,1,3,1,4,4,3
79,300,225,0.25558,0.290711,0.272758,0.345394,0.392871,0.307693,0.399026,0.453874,0.316277,0.15135,0.362024,0.290982,0.373889,0.433987,0.313792,0.27478,0,0.00350445,0.00350877,0,0,0,0,0.0998487,0.0174832,0,0.028125,0,0,0,0,0,0,0,0.119032,0.149798,0.21066,0.216275,0.185777,0.251345,0.203064,0.226944,0.267576,0.148128,0.286819,0.134786,2,3,3,3,1,3,3,2,1,1,4,1,3,1,4,4,3
80,300,225,0.244374,0.269737,0.291816,0.348497,0.384665,0.306217,0.407129,0.449383,0.300435,0.246297,0.350666,0.292542,0.376301,0.435675,0.316927,0.272719,0,0.00700033,0.00701754,0,0,0,0,0.16263,0.0285357,0,0.028125,0,0,0,0,0,0,0,0.122374,0.15183,0.210546,0.216229,0.186884,0.250244,0.203518,0.226738,0.265807,0.150156,0.284596,0.136129,2,2,2,2,2,3,2,3,3,2,3,3,1,2,2,2,2
81,300,225,0.241858,0.324837,0.256739,0.351006,0.471432,0.261619,0.407136,0.546821,0.246202,0.191089,0.427585,0.250865,0.377888,0.436716,0.31906,0.269267,0,0.0139665,0.0140351,0,0,0,0,0.0672016,0.0138385,0,0.028125,0,0,0,0,0,0,0,0.101302,0.137973,0.20969,0.216483,0.18046,0.257948,0.200963,0.229204,0.277157,0.135813,0.299864,0.119699,2,2,2,2,3,2,4,2,3,1,1,3,2,2,2,3,2
82,300,225,0.23269,0.368311,0.33448,0.340618,0.539143,0.282855,0.426692,0.675384,0.238523,0.149817,0.493752,0.280859,0.378789,0.437723,0.319856,0.265901,0,0.00350447,0.00350877,0,0,0,0,0.0639476,0.0115856,0,0.028125,0,0,0,0,0,0,0,0.0835076,0.126314,0.208714,0.216748,0.175113,0.26449,0.198823,0.231454,0.286733,0.123472,0.31278,0.104488,2,2,2,2,1,2,2,4,3,2,2,2,2,2,4,2,2
83,300,225,0.253718,0.331825,0.278052,0.338577,0.442808,0.303447,0.407705,0.533217,0.304226,0.12446,0.411688,0.286,0.380023,0.439575,0.320471,0.263392,0,0.00350448,0.00350877,0,0,0,0,0.0988661,0.0173484,0,0.028125,0,0,0,0,0,0,0,0.106685,0.14055,0.209997,0.216366,0.182076,0.25653,0.201421,0.228575,0.274384,0.139261,0.297008,0.12374,2,2,4,2,2,4,2,4,2,2,3,4,2,4,1,2,2
84,300,225,0.285169,0.203,0.2323,0.34035,0.242281,0.264166,0.374481,0.266577,0.282669,0.137045,0.228709,0.248872,0.381889,0.441986,0.321793,0.267126,0,0.0104878,0.0105263,0,0,0,0,0.0840935,0.0159355,0,0.028125,0,0,0,0,0,0,0,0.154592,0.17404,0.212076,0.215768,0.196453,0.237928,0.207604,0.22265,0.248349,0.173044,0.260098,0.163711,4,2,3,4,1,2,3,4,1,2,2,4,1,2,2,4,2
85,300,225,0.29731,0.134976,0.168116,0.342836,0.155645,0.180711,0.359854,0.163371,0.186299,0.172206,0.147382,0.172488,0.382249,0.441457,0.32304,0.296962,0,0.0312353,0.0315789,0,0,0,0,0.056087,0.0146867,0,0.028125,0,0,0,0,0,0,0,0.175911,0.188521,0.213118,0.215496,0.203071,0.229762,0.210186,0.219948,0.236472,0.187761,0.244167,0.181706,4,2,2,3,3,2,2,4,3,2,3,4,3,2,2,4,2
86,300,225,0.24495,0.123427,0.14667,0.335167,0.168887,0.177358,0.419883,0.211574,0.201039,0.206127,0.157018,0.163995,0.382978,0.441464,0.324491,0.332554,0,0.044901,0.045614,0,0,0,0,0.0494087,0.0158685,0,0.028125,0,0,0,0,0,0,0,0.173613,0.1867,0.212593,0.215506,0.20234,0.230839,0.209827,0.220237,0.237755,0.186143,0.246203,0.179256,2,2,3,3,2,2,2,1,3,2,2,2,3,2,2,4,2
87,300,225,0.202447,0.189428,0.245799,0.343169,0.3211,0.282136,0.454384,0.425163,0.293886,0.105497,0.287787,0.262153,0.382094,0.439647,0.324542,0.335865,0,0.00700043,0.00701754,0,0,0,0,0.0644787,0.0121181,0,0.028125,0,0,0,0,0,0,0,0.138201,0.162814,0.211444,0.215889,0.191901,0.24411,0.205538,0.224531,0.256521,0.161433,0.272456,0.150526,2,2,3,1,2,2,3,1,2,2,2,3,1,2,2,2,2
88,300,225,0.202867,0.205911,0.254247,0.344242,0.349408,0.286985,0.452891,0.459686,0.295553,0.106073,0.312782,0.267168,0.381228,0.437772,0.324684,0.339195,0,0.00350449,0.00350877,0,0,0,0,0.0820073,0.0144716,0,0.028125,0,0,0,0,0,0,0,0.133282,0.158282,0.211159,0.215977,0.189942,0.246631,0.204709,0.225349,0.260188,0.157758,0.277445,0.145041,2,2,3,1,2,2,3,1,2,2,2,2,3,2,2,4,2
89,300,225,0.211621,0.32582,0.264479,0.348109,0.535962,0.272577,0.44027,0.677857,0.26098,0.0892338,0.479661,0.256824,0.381026,0.436757,0.325296,0.339122,0,0,0,0,0,0,0,0.0901741,0.015354,0,0.028125,0,0,0,0,0,0,0,0.087433,0.128396,0.209095,0.216633,0.176426,0.263287,0.199205,0.230927,0.284345,0.125918,0.310421,0.107761,2,2,2,1,2,2,2,4,2,3,2,4,2,1,2,1,2
